Metric,Value
MAE,1272.4414023319891
RMSE,2277.190891376973
MAPE,320.42769256600485
